{"cameraMode":{"drawMode":0,"name":"Shaded","section":"Shading Mode"},"sceneLighting":false,"audioPlay":false,"sceneViewState":{"m_AlwaysRefresh":false,"showFog":true,"showSkybox":false,"showFlares":true,"showImageEffects":true,"showParticleSystems":true,"showVisualEffectGraphs":true,"m_FxEnabled":false},"in2DMode":false,"pivot":{"x":-37.443695068359378,"y":0.23015594482421876,"z":0.4640142619609833},"rotation":{"x":0.5296851992607117,"y":0.45756208896636965,"z":-0.4155048429965973,"w":0.5813250541687012},"size":14.142142295837403,"orthographic":false}