{"cameraMode":{"drawMode":0,"name":"Shaded","section":"Shading Mode"},"sceneLighting":false,"audioPlay":false,"sceneViewState":{"m_AlwaysRefresh":false,"showFog":true,"showSkybox":false,"showFlares":true,"showImageEffects":true,"showParticleSystems":true,"showVisualEffectGraphs":true,"m_FxEnabled":false},"in2DMode":false,"pivot":{"x":-5.478526592254639,"y":21.896703720092775,"z":-20.749021530151368},"rotation":{"x":0.21997182071208955,"y":0.07017359137535095,"z":-0.015811529010534288,"w":0.9731208682060242},"size":0.8660253882408142,"orthographic":false}