{"cameraMode":{"drawMode":0,"name":"Shaded","section":"Shading Mode"},"sceneLighting":false,"audioPlay":false,"sceneViewState":{"m_AlwaysRefresh":false,"showFog":true,"showSkybox":false,"showFlares":true,"showImageEffects":true,"showParticleSystems":true,"showVisualEffectGraphs":true,"m_FxEnabled":false},"in2DMode":false,"pivot":{"x":-5.549773216247559,"y":22.114049911499025,"z":-20.65387535095215},"rotation":{"x":0.15406689047813416,"y":0.045924101024866107,"z":-0.007112177088856697,"w":0.9872335195541382},"size":0.8660253882408142,"orthographic":false}