{"cameraMode":{"drawMode":0,"name":"Shaded","section":"Shading Mode"},"sceneLighting":false,"audioPlay":false,"sceneViewState":{"m_AlwaysRefresh":false,"showFog":true,"showSkybox":false,"showFlares":true,"showImageEffects":true,"showParticleSystems":true,"showVisualEffectGraphs":true,"m_FxEnabled":false},"in2DMode":false,"pivot":{"x":-0.00237312912940979,"y":0.9597022533416748,"z":0.00022581219673156738},"rotation":{"x":-0.11067679524421692,"y":-0.6801602244377136,"z":0.10703133791685105,"w":-0.717349112033844},"size":0.990962564945221,"orthographic":false}