{"cameraMode":{"drawMode":0,"name":"Shaded","section":"Shading Mode"},"sceneLighting":true,"audioPlay":false,"sceneViewState":{"m_AlwaysRefresh":false,"showFog":true,"showSkybox":true,"showFlares":true,"showImageEffects":true,"showParticleSystems":true,"showVisualEffectGraphs":true,"m_FxEnabled":false},"in2DMode":false,"pivot":{"x":159.84555053710938,"y":15.32627010345459,"z":121.46701049804688},"rotation":{"x":0.15752217173576356,"y":-0.5105385184288025,"z":0.09709779918193817,"w":0.840379536151886},"size":1.2808688879013062,"orthographic":false}